user_id,teamchat_session_id,leaves
1244,6821,19:20:44
1074,6838,19:17:54
350,6777,19:05:50
1349,6792,19:22:29
1219,6854,19:20:19
1398,6780,19:23:18
500,6922,19:08:20
20,6799,19:00:20
2004,6925,19:33:24
1051,6859,19:17:31
442,7035,19:07:22
14,6782,19:00:14
2100,6791,19:35:00
1996,6858,19:33:16
540,6783,19:09:00
1324,6821,19:22:04
1237,6819,19:20:37
1606,6780,19:26:46
1535,6795,19:25:35
88,6821,19:01:28
1920,6956,19:32:00
554,6820,19:09:14
1019,6817,19:16:59
97,6911,19:01:37
1599,6782,19:26:39
621,6914,19:10:21
2093,6922,19:34:53
516,6784,19:08:36
967,6783,19:16:07
423,6925,19:07:03
37,7104,19:00:37
240,6783,19:04:00
696,6943,19:11:36
1084,6778,19:18:04
1665,6811,19:27:45
1665,6811,19:27:45
214,6800,19:03:34
294,6783,19:04:54
428,6886,19:07:08
683,6889,19:11:23
876,6920,19:14:36
1268,6791,19:21:08
1514,7212,19:25:14
1305,6925,19:21:45
1703,7035,19:28:23
1588,6776,19:26:28
128,6810,19:02:08
1318,6910,19:21:58
1839,6780,19:30:39
701,6792,19:11:41
767,6791,19:12:47
110,6854,19:01:50
456,6810,19:07:36
1035,6790,19:17:15
483,6779,19:08:03
1126,6888,19:18:46
394,6875,19:06:34
735,6792,19:12:15
380,6792,19:06:20
97,6911,19:01:37
1204,6776,19:20:04
1548,6776,19:25:48
1034,6794,19:17:14
1816,6946,19:30:16
1056,6780,19:17:36
1995,6925,19:33:15
1596,6791,19:26:36
319,6857,19:05:19
1428,6984,19:23:48
668,6781,19:11:08
252,6810,19:04:12
1839,6780,19:30:39
305,6943,19:05:05
936,6949,19:15:36
1482,6787,19:24:42
128,6810,19:02:08
1994,6858,19:33:14
834,6819,19:13:54
394,6875,19:06:34
288,6868,19:04:48
987,6925,19:16:27
1506,6780,19:25:06
1935,6799,19:32:15
674,6778,19:11:14
2033,6791,19:33:53
1868,6888,19:31:08
388,6795,19:06:28
789,6796,19:13:09
631,6789,19:10:31
1844,6956,19:30:44
1847,6779,19:30:47
80,6791,19:01:20
240,6783,19:04:00
1978,7212,19:32:58
265,6819,19:04:25
1996,6858,19:33:16
560,6925,19:09:20
2050,6794,19:34:10
1450,6794,19:24:10
1638,7347,19:27:18
254,7024,19:04:14
2067,6784,19:34:27
1975,6949,19:32:55
417,6789,19:06:57
982,7443,19:16:22
131,6974,19:02:11
137,8205,19:02:17
428,6886,19:07:08
1768,6891,19:29:28
412,6778,19:06:52
853,7212,19:14:13
968,6911,19:16:08
759,6857,19:12:39
1356,6783,19:22:36
1366,6810,19:22:46
1989,6782,19:33:09
1506,6780,19:25:06
1978,7212,19:32:58
388,6795,19:06:28
423,6925,19:07:03
669,6984,19:11:09
1110,6973,19:18:30
1649,6857,19:27:29
431,6810,19:07:11
789,6796,19:13:09
319,6857,19:05:19
1118,6850,19:18:38
365,6819,19:06:05
1754,6810,19:29:14
62,6792,19:01:02
1688,7024,19:28:08
1793,7058,19:29:53
1241,6785,19:20:41
1882,6925,19:31:22
861,6925,19:14:21
394,6875,19:06:34
461,6787,19:07:41
1989,6782,19:33:09
1574,6850,19:26:14
1975,6949,19:32:55
305,6943,19:05:05
1192,7212,19:19:52
336,9079,19:05:36
1305,6925,19:21:45
521,6809,19:08:41
214,6800,19:03:34
1130,9529,19:18:50
1118,6850,19:18:38
1127,7008,19:18:47
1450,6794,19:24:10
257,6792,19:04:17
554,6820,19:09:14
1189,7280,19:19:49
630,6785,19:10:30
667,6783,19:11:07
1302,7022,19:21:42
556,6809,19:09:16
1935,6799,19:32:15
412,6778,19:06:52
1617,7024,19:26:57
1789,6819,19:29:49
759,6857,19:12:39
1354,6789,19:22:34
1225,6850,19:20:25
1535,6795,19:25:35
37,7104,19:00:37
602,6813,19:10:02
1991,6850,19:33:11
69,6853,19:01:09
1019,6817,19:16:59
985,6925,19:16:25
1588,6776,19:26:28
1125,6792,19:18:45
311,6866,19:05:11
2100,6791,19:35:00
1819,6838,19:30:19
1816,6946,19:30:16
834,6819,19:13:54
263,6925,19:04:23
1926,7007,19:32:06
449,6778,19:07:29
442,7035,19:07:22
291,6815,19:04:51
735,6792,19:12:15
1626,6778,19:27:06
131,6974,19:02:11
1754,6810,19:29:14
674,6778,19:11:14
329,6914,19:05:29
1498,6795,19:24:58
1972,6789,19:32:52
767,6791,19:12:47
1482,6787,19:24:42
311,6866,19:05:11
1741,6799,19:29:01
1095,6792,19:18:15
20,6799,19:00:20
230,6853,19:03:50
843,6809,19:14:03
426,6797,19:07:06
388,6795,19:06:28
40,6809,19:00:40
1450,6794,19:24:10
698,6781,19:11:38
423,6925,19:07:03
1126,6888,19:18:46
128,6810,19:02:08
1441,6782,19:24:01
936,6949,19:15:36
131,6974,19:02:11
1514,7212,19:25:14
1237,6819,19:20:37
1204,6776,19:20:04
2014,8474,19:33:34
155,7008,19:02:35
1926,7007,19:32:06
1969,9671,19:32:49
4,6888,19:00:04
339,6778,19:05:39
20,6799,19:00:20
1244,6821,19:20:44
1258,7058,19:20:58
1033,6818,19:17:13
1162,6974,19:19:22
853,7212,19:14:13
1225,6850,19:20:25
1085,6910,19:18:05
1110,6973,19:18:30
1573,6777,19:26:13
280,6956,19:04:40
2095,6889,19:34:55
1056,6780,19:17:36
1037,6951,19:17:17
577,7270,19:09:37
1095,6792,19:18:15
265,6819,19:04:25
1999,6866,19:33:19
1844,6956,19:30:44
1649,6857,19:27:29
1305,6925,19:21:45
518,6782,19:08:38
650,6811,19:10:50
533,6791,19:08:53
1127,7008,19:18:47
1972,6789,19:32:52
1506,6780,19:25:06
1085,6910,19:18:05
1965,8474,19:32:45
1253,7058,19:20:53
582,7726,19:09:42
1012,6875,19:16:52
1627,6784,19:27:07
2022,6783,19:33:42
368,6792,19:06:08
288,6868,19:04:48
254,7024,19:04:14
196,6789,19:03:16
803,6911,19:13:23
1573,6777,19:26:13
1285,7007,19:21:25
1688,7024,19:28:08
521,6809,19:08:41
698,6781,19:11:38
280,6956,19:04:40
319,6857,19:05:19
1703,7035,19:28:23
1978,7212,19:32:58
240,6783,19:04:00
1479,6794,19:24:39
792,6779,19:13:12
199,6818,19:03:19
1349,6792,19:22:29
1128,6792,19:18:48
148,6974,19:02:28
1051,6859,19:17:31
674,6778,19:11:14
194,6785,19:03:14
1302,7022,19:21:42
2047,6889,19:34:07
1494,6859,19:24:54
1126,6888,19:18:46
645,11208,19:10:45
631,6789,19:10:31
380,6792,19:06:20
49,7443,19:00:49
1709,6866,19:28:29
1192,7212,19:19:52
667,6783,19:11:07
621,6914,19:10:21
650,6811,19:10:50
1087,6797,19:18:07
1335,6866,19:22:15
1989,6782,19:33:09
1287,6790,19:21:27
1059,6811,19:17:39
1606,6780,19:26:46
1687,6820,19:28:07
838,6889,19:13:58
1978,7212,19:32:58
502,6799,19:08:22
1506,6780,19:25:06
1153,7212,19:19:13
1920,6956,19:32:00
280,6956,19:04:40
1,7024,19:00:01
1428,6984,19:23:48
311,6866,19:05:11
853,7212,19:14:13
764,6785,19:12:44
1085,6910,19:18:05
1118,6850,19:18:38
500,6922,19:08:20
2100,6791,19:35:00
521,6809,19:08:41
1672,6784,19:27:52
1366,6810,19:22:46
1311,6797,19:21:51
216,6790,19:03:36
1703,7035,19:28:23
1165,6914,19:19:25
828,7104,19:13:48
333,6811,19:05:33
1926,7007,19:32:06
1398,6780,19:23:18
305,6943,19:05:05
743,6922,19:12:23
1800,6785,19:30:00
513,6785,19:08:33
1220,6859,19:20:20
20,6799,19:00:20
257,6792,19:04:17
294,6783,19:04:54
174,6819,19:02:54
380,6792,19:06:20
1441,6782,19:24:01
1896,6974,19:31:36
1626,6778,19:27:06
1204,6776,19:20:04
668,6781,19:11:08
1074,6838,19:17:54
1844,6956,19:30:44
1503,6792,19:25:03
214,6800,19:03:34
743,6922,19:12:23
1995,6925,19:33:15
767,6791,19:12:47
442,7035,19:07:22
1084,6778,19:18:04
1649,6857,19:27:29
88,6821,19:01:28
1955,6866,19:32:35
1596,6791,19:26:36
733,6850,19:12:13
1848,6949,19:30:48
1038,6790,19:17:18
1989,6782,19:33:09
1754,6810,19:29:14
1189,7280,19:19:49
1999,6866,19:33:19
1978,7212,19:32:58
1755,6799,19:29:15
291,6815,19:04:51
502,6799,19:08:22
2089,6889,19:34:49
303,6813,19:05:03
1588,6776,19:26:28
1817,7058,19:30:17
1204,6776,19:20:04
1819,6838,19:30:19
1865,6795,19:31:05
1514,7212,19:25:14
642,6920,19:10:42
288,6868,19:04:48
88,6821,19:01:28
828,7104,19:13:48
740,6778,19:12:20
196,6789,19:03:16
1972,6789,19:32:52
483,6779,19:08:03
621,6914,19:10:21
137,8205,19:02:17
283,6853,19:04:43
1920,6956,19:32:00
126,6888,19:02:06
1258,7058,19:20:58
1272,6777,19:21:12
1153,7212,19:19:13
2050,6794,19:34:10
1285,7007,19:21:25
969,7726,19:16:09
1741,6799,19:29:01
1673,6818,19:27:53
14,6782,19:00:14
668,6781,19:11:08
853,7212,19:14:13
1125,6792,19:18:45
2014,8474,19:33:34
1550,6910,19:25:50
876,6920,19:14:36
629,7024,19:10:29
709,6821,19:11:49
1189,7280,19:19:49
1287,6790,19:21:27
1989,6782,19:33:09
1673,6818,19:27:53
1354,6789,19:22:34
521,6809,19:08:41
642,6920,19:10:42
265,6819,19:04:25
412,6778,19:06:52
839,6792,19:13:59
1709,6866,19:28:29
1768,6891,19:29:28
516,6784,19:08:36
128,6810,19:02:08
1019,6817,19:16:59
1037,6951,19:17:17
1127,7008,19:18:47
1525,7028,19:25:25
1090,6783,19:18:10
1285,7007,19:21:25
131,6974,19:02:11
1296,7443,19:21:36
1428,6984,19:23:48
1494,6859,19:24:54
198,7038,19:03:18
507,6813,19:08:27
75,8903,19:01:15
797,7432,19:13:17
759,6857,19:12:39
709,6821,19:11:49
1754,6810,19:29:14
1638,7347,19:27:18
29,6813,19:00:29
994,15383,19:16:34
423,6925,19:07:03
1192,7212,19:19:52
1125,6792,19:18:45
2034,6781,19:33:54
1287,6790,19:21:27
350,6777,19:05:50
108,6809,19:01:48
1268,6791,19:21:08
967,6783,19:16:07
853,7212,19:14:13
1127,7008,19:18:47
994,15383,19:16:34
1574,6850,19:26:14
869,6809,19:14:29
1204,6776,19:20:04
661,7432,19:11:01
1318,6910,19:21:58
1599,6782,19:26:39
801,6857,19:13:21
602,6813,19:10:02
333,6811,19:05:33
556,6809,19:09:16
425,7443,19:07:05
252,6810,19:04:12
288,6868,19:04:48
365,6819,19:06:05
1673,6818,19:27:53
311,6866,19:05:11
500,6922,19:08:20
253,6863,19:04:13
968,6911,19:16:08
110,6854,19:01:50
1084,6778,19:18:04
368,6792,19:06:08
1450,6794,19:24:10
929,6797,19:15:29
977,9671,19:16:17
40,6809,19:00:40
1672,6784,19:27:52
1114,6866,19:18:34
1366,6810,19:22:46
277,6838,19:04:37
1687,6820,19:28:07
1882,6925,19:31:22
1349,6792,19:22:29
1189,7280,19:19:49
252,6810,19:04:12
767,6791,19:12:47
929,6797,19:15:29
1768,6891,19:29:28
803,6911,19:13:23
1378,6956,19:22:58
863,6811,19:14:23
516,6784,19:08:36
1626,6778,19:27:06
792,6779,19:13:12
1538,6854,19:25:38
969,7726,19:16:09
1019,6817,19:16:59
1789,6819,19:29:49
838,6889,19:13:58
685,7280,19:11:25
1136,6859,19:18:56
2089,6889,19:34:49
126,6888,19:02:06
1114,6866,19:18:34
1919,6888,19:31:59
724,6956,19:12:04
428,6886,19:07:08
4,6888,19:00:04
277,6838,19:04:37
2004,6925,19:33:24
719,6792,19:11:59
1462,6889,19:24:22
1200,6777,19:20:00
764,6785,19:12:44
767,6791,19:12:47
1324,6821,19:22:04
985,6925,19:16:25
1153,7212,19:19:13
14,6782,19:00:14
507,6813,19:08:27
968,6911,19:16:08
37,7104,19:00:37
611,6809,19:10:11
1514,7212,19:25:14
252,6810,19:04:12
1665,6811,19:27:45
1450,6794,19:24:10
2004,6925,19:33:24
137,8205,19:02:17
1454,6776,19:24:14
1136,6859,19:18:56
789,6796,19:13:09
1588,6776,19:26:28
507,6813,19:08:27
1370,7212,19:22:50
476,6863,19:07:56
196,6789,19:03:16
277,6838,19:04:37
49,7443,19:00:49
1854,12209,19:30:54
1189,7280,19:19:49
1378,6956,19:22:58
709,6821,19:11:49
1839,6780,19:30:39
1118,6850,19:18:38
461,6787,19:07:41
2004,6925,19:33:24
1074,6838,19:17:54
37,7104,19:00:37
1559,6912,19:25:59
280,6956,19:04:40
1059,6811,19:17:39
20,6799,19:00:20
1461,6783,19:24:21
2026,7104,19:33:46
1253,7058,19:20:53
1311,6797,19:21:51
881,6974,19:14:41
1709,6866,19:28:29
1761,8903,19:29:21
1378,6956,19:22:58
1165,6914,19:19:25
2075,6854,19:34:35
1001,6949,19:16:41
456,6810,19:07:36
476,6863,19:07:56
280,6956,19:04:40
1038,6790,19:17:18
999,6780,19:16:39
538,6795,19:08:58
1090,6783,19:18:10
426,6797,19:07:06
869,6809,19:14:29
861,6925,19:14:21
834,6819,19:13:54
843,6809,19:14:03
254,7024,19:04:14
1269,16938,19:21:09
63,6784,19:01:03
1972,6789,19:32:52
1848,6949,19:30:48
294,6783,19:04:54
2014,8474,19:33:34
1919,6888,19:31:59
1954,6819,19:32:34
241,7022,19:04:01
4,6888,19:00:04
969,7726,19:16:09
1428,6984,19:23:48
1847,6779,19:30:47
668,6781,19:11:08
1665,6811,19:27:45
1349,6792,19:22:29
199,6818,19:03:19
1550,6910,19:25:50
1970,6777,19:32:50
772,6797,19:12:52
1935,6799,19:32:15
454,6791,19:07:34
1978,7212,19:32:58
1847,6779,19:30:47
428,6886,19:07:08
444,18142,19:07:24
1272,6777,19:21:12
1883,6779,19:31:23
263,6925,19:04:23
1873,6850,19:31:13
1204,6776,19:20:04
263,6925,19:04:23
1883,6779,19:31:23
69,6853,19:01:09
1,7024,19:00:01
1550,6910,19:25:50
661,7432,19:11:01
1638,7347,19:27:18
1873,6850,19:31:13
642,6920,19:10:42
2075,6854,19:34:35
743,6922,19:12:23
1559,6912,19:25:59
1965,8474,19:32:45
336,9079,19:05:36
1092,8903,19:18:12
1741,6799,19:29:01
1287,6790,19:21:27
1920,6956,19:32:00
1012,6875,19:16:52
388,6795,19:06:28
914,6789,19:15:14
560,6925,19:09:20
828,7104,19:13:48
1189,7280,19:19:49
904,7505,19:15:04
1366,6810,19:22:46
1792,6792,19:29:52
1126,6888,19:18:46
1130,9529,19:18:50
30,7008,19:00:30
252,6810,19:04:12
1741,6799,19:29:01
1305,6925,19:21:45
538,6795,19:08:58
9,6776,19:00:09
540,6783,19:09:00
1506,6780,19:25:06
1627,6784,19:27:07
1935,6799,19:32:15
254,7024,19:04:14
1996,6858,19:33:16
391,6809,19:06:31
1136,6859,19:18:56
1311,6797,19:21:51
20,6799,19:00:20
1848,6949,19:30:48
603,17406,19:10:03
1975,6949,19:32:55
2078,6956,19:34:38
792,6779,19:13:12
1107,6796,19:18:27
4,6888,19:00:04
1506,6780,19:25:06
1475,6922,19:24:35
1596,6791,19:26:36
2093,6922,19:34:53
1296,7443,19:21:36
1703,7035,19:28:23
1311,6797,19:21:51
216,6790,19:03:36
1285,7007,19:21:25
283,6853,19:04:43
137,8205,19:02:17
1865,6795,19:31:05
257,6792,19:04:17
277,6838,19:04:37
126,6888,19:02:06
1165,6914,19:19:25
194,6785,19:03:14
1461,6783,19:24:21
630,6785,19:10:30
1189,7280,19:19:49
1169,6818,19:19:29
1498,6795,19:24:58
2100,6791,19:35:00
1305,6925,19:21:45
419,6858,19:06:59
1450,6794,19:24:10
1606,6780,19:26:46
627,6857,19:10:27
1241,6785,19:20:41
29,6813,19:00:29
1253,7058,19:20:53
1839,6780,19:30:39
1090,6783,19:18:10
1769,7024,19:29:29
128,6810,19:02:08
1276,6914,19:21:16
744,6889,19:12:24
1378,6956,19:22:58
1074,6838,19:17:54
629,7024,19:10:29
311,6866,19:05:11
969,7726,19:16:09
1120,6903,19:18:40
1302,7022,19:21:42
1598,6859,19:26:38
1092,8903,19:18:12
2064,7280,19:34:24
1107,6796,19:18:27
31,6783,19:00:31
277,6838,19:04:37
1454,6776,19:24:14
1919,6888,19:31:59
738,6789,19:12:18
843,6809,19:14:03
1204,6776,19:20:04
1051,6859,19:17:31
1045,7058,19:17:25
1354,6789,19:22:34
204,6789,19:03:24
1349,6792,19:22:29
792,6779,19:13:12
75,8903,19:01:15
1768,6891,19:29:28
1244,6821,19:20:44
29,6813,19:00:29
1955,6866,19:32:35
1285,7007,19:21:25
922,7212,19:15:22
1908,6949,19:31:48
2022,6783,19:33:42
1970,6777,19:32:50
2078,6956,19:34:38
560,6925,19:09:20
40,6809,19:00:40
288,6868,19:04:48
1479,6794,19:24:39
2004,6925,19:33:24
983,6799,19:16:23
685,7280,19:11:25
380,6792,19:06:20
1995,6925,19:33:15
1574,6850,19:26:14
2089,6889,19:34:49
1248,7058,19:20:48
987,6925,19:16:27
1114,6866,19:18:34
464,6888,19:07:44
1514,7212,19:25:14
708,6783,19:11:48
869,6809,19:14:29
1068,6779,19:17:48
540,6783,19:09:00
1215,12209,19:20:15
2034,6781,19:33:54
1165,6914,19:19:25
500,6922,19:08:20
1169,6818,19:19:29
1817,7058,19:30:17
1741,6799,19:29:01
859,16274,19:14:19
1587,6780,19:26:27
456,6810,19:07:36
1272,6777,19:21:12
1991,6850,19:33:11
1883,6779,19:31:23
472,21555,19:07:52
1596,6791,19:26:36
696,6943,19:11:36
1937,7022,19:32:17
951,6903,19:15:51
1256,6785,19:20:56
391,6809,19:06:31
1335,6866,19:22:15
914,6789,19:15:14
1442,12209,19:24:02
1506,6780,19:25:06
1287,6790,19:21:27
2028,6888,19:33:48
1854,12209,19:30:54
174,6819,19:02:54
516,6784,19:08:36
1503,6792,19:25:03
1789,6819,19:29:49
556,6809,19:09:16
1318,6910,19:21:58
985,6925,19:16:25
119,14146,19:01:59
1038,6790,19:17:18
1819,6838,19:30:19
1573,6777,19:26:13
1034,6794,19:17:14
204,6789,19:03:24
764,6785,19:12:44
2089,6889,19:34:49
1839,6780,19:30:39
380,6792,19:06:20
128,6810,19:02:08
1965,8474,19:32:45
844,7443,19:14:04
2014,8474,19:33:34
661,7432,19:11:01
216,6790,19:03:36
148,6974,19:02:28
2058,7505,19:34:18
1118,6850,19:18:38
30,7008,19:00:30
1947,6799,19:32:27
426,6797,19:07:06
291,6815,19:04:51
1969,9671,19:32:49
738,6789,19:12:18
1220,6859,19:20:20
1452,6891,19:24:12
1324,6821,19:22:04
431,6810,19:07:11
333,6811,19:05:33
518,6782,19:08:38
1627,6784,19:27:07
667,6783,19:11:07
1451,6817,19:24:11
2050,6794,19:34:10
1933,21555,19:32:13
1561,6796,19:26:01
1929,6800,19:32:09
683,6889,19:11:23
702,6817,19:11:42
1522,6974,19:25:22
1178,9079,19:19:38
996,6984,19:16:36
277,6838,19:04:37
1287,6790,19:21:27
128,6810,19:02:08
518,6782,19:08:38
696,6943,19:11:36
1056,6780,19:17:36
1085,6910,19:18:05
502,6799,19:08:22
1687,6820,19:28:07
1868,6888,19:31:08
1503,6792,19:25:03
254,7024,19:04:14
914,6789,19:15:14
286,6886,19:04:46
876,6920,19:14:36
213,6811,19:03:33
1311,6797,19:21:51
178,6949,19:02:58
2037,6821,19:33:57
1318,6910,19:21:58
708,6783,19:11:48
1482,6787,19:24:42
1882,6925,19:31:22
762,7505,19:12:42
119,14146,19:01:59
1461,6783,19:24:21
1970,6777,19:32:50
311,6866,19:05:11
1498,6795,19:24:58
1012,6875,19:16:52
1548,6776,19:25:48
546,6817,19:09:06
2093,6922,19:34:53
1498,6795,19:24:58
1169,6818,19:19:29
97,6911,19:01:37
2075,6854,19:34:35
1545,6984,19:25:45
497,7038,19:08:17
378,6914,19:06:18
1,7024,19:00:01
2066,6799,19:34:26
1090,6783,19:18:10
861,6925,19:14:21
1573,6777,19:26:13
778,6780,19:12:58
533,6791,19:08:53
789,6796,19:13:09
1538,6854,19:25:38
449,6778,19:07:29
311,6866,19:05:11
1034,6794,19:17:14
1503,6792,19:25:03
391,6809,19:06:31
589,6889,19:09:49
442,7035,19:07:22
1001,6949,19:16:41
148,6974,19:02:28
621,6914,19:10:21
1379,18939,19:22:59
1658,6782,19:27:38
2033,6791,19:33:53
507,6813,19:08:27
1693,22935,19:28:13
1969,9671,19:32:49
417,6789,19:06:57
578,7058,19:09:38
329,6914,19:05:29
1137,18142,19:18:57
996,6984,19:16:36
1254,6819,19:20:54
804,6819,19:13:24
194,6785,19:03:14
1137,18142,19:18:57
1035,6790,19:17:15
1475,6922,19:24:35
1472,19390,19:24:32
1034,6794,19:17:14
1066,7028,19:17:46
1128,6792,19:18:48
1792,6792,19:29:52
209,6784,19:03:29
1658,6782,19:27:38
365,6819,19:06:05
2033,6791,19:33:53
1865,6795,19:31:05
1688,7024,19:28:08
1070,6911,19:17:50
1287,6790,19:21:27
199,6818,19:03:19
563,6789,19:09:23
1272,6777,19:21:12
1324,6821,19:22:04
1754,6810,19:29:14
1114,6866,19:18:34
936,6949,19:15:36
759,6857,19:12:39
556,6809,19:09:16
1276,6914,19:21:16
1427,18939,19:23:47
1559,6912,19:25:59
2100,6791,19:35:00
1498,6795,19:24:58
2026,7104,19:33:46
915,7104,19:15:15
630,6785,19:10:30
969,7726,19:16:09
914,6789,19:15:14
2084,22551,19:34:44
1166,6790,19:19:26
104,6795,19:01:44
250,7028,19:04:10
1127,7008,19:18:47
861,6925,19:14:21
1975,6949,19:32:55
876,6920,19:14:36
378,6914,19:06:18
738,6789,19:12:18
1254,6819,19:20:54
886,6910,19:14:46
621,6914,19:10:21
1118,6850,19:18:38
1959,6820,19:32:39
674,6778,19:11:14
996,6984,19:16:36
853,7212,19:14:13
1296,7443,19:21:36
110,6854,19:01:50
1919,6888,19:31:59
1658,6782,19:27:38
1313,23919,19:21:53
2011,6875,19:33:31
1153,7212,19:19:13
1204,6776,19:20:04
380,6792,19:06:20
1035,6790,19:17:15
423,6925,19:07:03
1427,18939,19:23:47
431,6810,19:07:11
280,6956,19:04:40
1305,6925,19:21:45
674,6778,19:11:14
859,16274,19:14:19
2095,6889,19:34:55
49,7443,19:00:49
1995,6925,19:33:15
1996,6858,19:33:16
1675,6787,19:27:55
876,6920,19:14:36
1849,6911,19:30:49
1045,7058,19:17:25
1991,6850,19:33:11
70,23415,19:01:10
1318,6910,19:21:58
1955,6866,19:32:35
417,6789,19:06:57
500,6922,19:08:20
2058,7505,19:34:18
636,17406,19:10:36
1429,6776,19:23:49
789,6796,19:13:09
199,6818,19:03:19
1219,6854,19:20:19
30,7008,19:00:30
44,6853,19:00:44
1482,6787,19:24:42
336,9079,19:05:36
1933,21555,19:32:13
923,7432,19:15:23
1092,8903,19:18:12
772,6797,19:12:52
252,6810,19:04:12
1450,6794,19:24:10
1965,8474,19:32:45
1665,6811,19:27:45
1488,6951,19:24:48
148,6974,19:02:28
843,6809,19:14:03
1126,6888,19:18:46
237,7104,19:03:57
1087,6797,19:18:07
667,6783,19:11:07
521,6809,19:08:41
178,6949,19:02:58
2064,7280,19:34:24
923,7432,19:15:23
719,6792,19:11:59
257,6792,19:04:17
229,6792,19:03:49
1978,7212,19:32:58
230,6853,19:03:50
738,6789,19:12:18
2006,6974,19:33:26
380,6792,19:06:20
288,6868,19:04:48
1545,6984,19:25:45
1396,6815,19:23:16
1494,6859,19:24:54
250,7028,19:04:10
558,7007,19:09:18
1509,6889,19:25:09
2050,6794,19:34:10
2095,6889,19:34:55
1302,7022,19:21:42
2075,6854,19:34:35
1819,6838,19:30:19
987,6925,19:16:27
464,6888,19:07:44
1265,6784,19:21:05
1693,22935,19:28:13
985,6925,19:16:25
254,7024,19:04:14
497,7038,19:08:17
126,6888,19:02:06
265,6819,19:04:25
1451,6817,19:24:11
438,6790,19:07:18
914,6789,19:15:14
661,7432,19:11:01
1034,6794,19:17:14
1276,6914,19:21:16
1037,6951,19:17:17
1995,6925,19:33:15
1189,7280,19:19:49
1688,7024,19:28:08
859,16274,19:14:19
923,7432,19:15:23
1087,6797,19:18:07
1349,6792,19:22:29
1955,6866,19:32:35
669,6984,19:11:09
1225,6850,19:20:25
1237,6819,19:20:37
645,11208,19:10:45
1129,6903,19:18:49
801,6857,19:13:21
1256,6785,19:20:56
1793,7058,19:29:53
804,6819,19:13:24
1296,7443,19:21:36
2034,6781,19:33:54
708,6783,19:11:48
546,6817,19:09:06
1475,6922,19:24:35
425,7443,19:07:05
853,7212,19:14:13
2064,7280,19:34:24
764,6785,19:12:44
772,6797,19:12:52
986,6889,19:16:26
1598,6859,19:26:38
1665,6811,19:27:45
69,6853,19:01:09
516,6784,19:08:36
1253,7058,19:20:53
1741,6799,19:29:01
515,6821,19:08:35
1789,6819,19:29:49
759,6857,19:12:39
834,6819,19:13:54
859,16274,19:14:19
485,6951,19:08:05
284,16938,19:04:44
631,6789,19:10:31
29,6813,19:00:29
985,6925,19:16:25
518,6782,19:08:38
1995,6925,19:33:15
1984,6795,19:33:04
2033,6791,19:33:53
319,6857,19:05:19
822,22935,19:13:42
380,6792,19:06:20
1882,6925,19:31:22
1709,6866,19:28:29
333,6811,19:05:33
667,6783,19:11:07
44,6853,19:00:44
1596,6791,19:26:36
1220,6859,19:20:20
31,6783,19:00:31
2089,6889,19:34:49
986,6889,19:16:26
1768,6891,19:29:28
1095,6792,19:18:15
428,6886,19:07:08
63,6784,19:01:03
681,7038,19:11:21
540,6783,19:09:00
1276,6914,19:21:16
1378,6956,19:22:58
767,6791,19:12:47
1773,6859,19:29:33
1792,6792,19:29:52
621,6914,19:10:21
419,6858,19:06:59
702,6817,19:11:42
1318,6910,19:21:58
1035,6790,19:17:15
968,6911,19:16:08
838,6889,19:13:58
14,6782,19:00:14
1556,6922,19:25:56
1366,6810,19:22:46
853,7212,19:14:13
1085,6910,19:18:05
1509,6889,19:25:09
1311,6797,19:21:51
621,6914,19:10:21
518,6782,19:08:38
674,6778,19:11:14
131,6974,19:02:11
1954,6819,19:32:34
2022,6783,19:33:42
789,6796,19:13:09
1556,6922,19:25:56
1972,6789,19:32:52
1703,7035,19:28:23
2034,6781,19:33:54
1285,7007,19:21:25
1929,6800,19:32:09
1311,6797,19:21:51
1935,6799,19:32:15
1059,6811,19:17:39
63,6784,19:01:03
1908,6949,19:31:48
533,6791,19:08:53
1051,6859,19:17:31
1110,6973,19:18:30
2067,6784,19:34:27
286,6886,19:04:46
1127,7008,19:18:47
1596,6791,19:26:36
1068,6779,19:17:48
694,6821,19:11:34
764,6785,19:12:44
1535,6795,19:25:35
476,6863,19:07:56
128,6810,19:02:08
1996,6858,19:33:16
951,6903,19:15:51
1573,6777,19:26:13
419,6858,19:06:59
110,6854,19:01:50
2028,6888,19:33:48
1789,6819,19:29:49
209,6784,19:03:29
125,6973,19:02:05
982,7443,19:16:22
1324,6821,19:22:04
645,11208,19:10:45
701,6792,19:11:41
447,6868,19:07:27
2095,6889,19:34:55
1192,7212,19:19:52
1074,6838,19:17:54
2067,6784,19:34:27
2004,6925,19:33:24
771,6857,19:12:51
1672,6784,19:27:52
350,6777,19:05:50
740,6778,19:12:20
1817,7058,19:30:17
1162,6974,19:19:22
1,7024,19:00:01
137,8205,19:02:17
994,15383,19:16:34
277,6838,19:04:37
1472,19390,19:24:32
1451,6817,19:24:11
1693,22935,19:28:13
853,7212,19:14:13
1538,6854,19:25:38
40,6809,19:00:40
743,6922,19:12:23
1768,6891,19:29:28
1136,6859,19:18:56
1703,7035,19:28:23
629,7024,19:10:29
305,6943,19:05:05
2047,6889,19:34:07
240,6783,19:04:00
2075,6854,19:34:35
1707,6858,19:28:27
668,6781,19:11:08
702,6817,19:11:42
1970,6777,19:32:50
1839,6780,19:30:39
14,6782,19:00:14
1311,6797,19:21:51
881,6974,19:14:41
368,6792,19:06:08
1225,6850,19:20:25
1879,6797,19:31:19
1068,6779,19:17:48
708,6783,19:11:48
283,6853,19:04:43
1561,6796,19:26:01
1848,6949,19:30:48
683,6889,19:11:23
412,6778,19:06:52
407,6777,19:06:47
1452,6891,19:24:12
1204,6776,19:20:04
108,6809,19:01:48
1070,6911,19:17:50
1396,6815,19:23:16
430,24967,19:07:10
929,6797,19:15:29
237,7104,19:03:57
485,6951,19:08:05
969,7726,19:16:09
199,6818,19:03:19
764,6785,19:12:44
428,6886,19:07:08
2018,6820,19:33:38
14,6782,19:00:14
241,7022,19:04:01
1673,6818,19:27:53
669,6984,19:11:09
283,6853,19:04:43
1220,6859,19:20:20
1256,6785,19:20:56
1192,7212,19:19:52
1259,6853,19:20:59
977,9671,19:16:17
1839,6780,19:30:39
454,6791,19:07:34
993,19390,19:16:33
897,7280,19:14:57
603,17406,19:10:03
629,7024,19:10:29
88,6821,19:01:28
1955,6866,19:32:35
1189,7280,19:19:49
1984,6795,19:33:04
230,6853,19:03:50
394,6875,19:06:34
40,6809,19:00:40
1879,6797,19:31:19
1137,18142,19:18:57
1559,6912,19:25:59
1693,22935,19:28:13
1996,6858,19:33:16
401,6790,19:06:41
1703,7035,19:28:23
442,7035,19:07:22
254,7024,19:04:14
1989,6782,19:33:09
1318,6910,19:21:58
1237,6819,19:20:37
771,6857,19:12:51
1087,6797,19:18:07
1128,6792,19:18:48
627,6857,19:10:27
1498,6795,19:24:58
222,6778,19:03:42
2075,6854,19:34:35
1761,8903,19:29:21
1068,6779,19:17:48
906,18939,19:15:06
1107,6796,19:18:27
305,6943,19:05:05
812,6859,19:13:32
1672,6784,19:27:52
1192,7212,19:19:52
540,6783,19:09:00
2041,6922,19:34:01
712,6850,19:11:52
1095,6792,19:18:15
283,6853,19:04:43
1854,12209,19:30:54
198,7038,19:03:18
1272,6777,19:21:12
1130,9529,19:18:50
2028,6888,19:33:48
1671,6858,19:27:51
505,7212,19:08:25
2033,6791,19:33:53
922,7212,19:15:22
804,6819,19:13:24
1287,6790,19:21:27
917,6863,19:15:17
1276,6914,19:21:16
1056,6780,19:17:36
1548,6776,19:25:48
1375,7022,19:22:55
977,9671,19:16:17
563,6789,19:09:23
125,6973,19:02:05
1941,6866,19:32:21
1488,6951,19:24:48
1937,7022,19:32:17
1396,6815,19:23:16
162,8205,19:02:42
2065,6951,19:34:25
1994,6858,19:33:14
1566,16938,19:26:06
772,6797,19:12:52
577,7270,19:09:37
1705,7038,19:28:25
1687,6820,19:28:07
616,15383,19:10:16
673,24372,19:11:13
259,9529,19:04:19
1707,6858,19:28:27
30,7008,19:00:30
1001,6949,19:16:41
645,11208,19:10:45
521,6809,19:08:41
513,6785,19:08:33
1538,6854,19:25:38
368,6792,19:06:08
1313,23919,19:21:53
803,6911,19:13:23
104,6795,19:01:44
2066,6799,19:34:26
29,6813,19:00:29
853,7212,19:14:13
368,6792,19:06:08
2021,6920,19:33:41
229,6792,19:03:49
265,6819,19:04:25
1256,6785,19:20:56
196,6789,19:03:16
963,6850,19:16:03
284,16938,19:04:44
69,6853,19:01:09
554,6820,19:09:14
1335,6866,19:22:15
1107,6796,19:18:27
708,6783,19:11:48
1120,6903,19:18:40
1370,7212,19:22:50
286,6886,19:04:46
556,6809,19:09:16
798,7058,19:13:18
1627,6784,19:27:07
733,6850,19:12:13
1919,6888,19:31:59
505,7212,19:08:25
1244,6821,19:20:44
639,6815,19:10:39
1479,6794,19:24:39
894,7726,19:14:54
516,6784,19:08:36
70,23415,19:01:10
708,6783,19:11:48
1503,6792,19:25:03
2026,7104,19:33:46
744,6889,19:12:24
333,6811,19:05:33
97,6911,19:01:37
709,6821,19:11:49
1090,6783,19:18:10
1069,6857,19:17:49
1026,24121,19:17:06
696,6943,19:11:36
2098,7443,19:34:58
1741,6799,19:29:01
1380,6778,19:23:00
1,7024,19:00:01
1574,6850,19:26:14
391,6809,19:06:31
1997,6875,19:33:17
29,6813,19:00:29
1538,6854,19:25:38
1272,6777,19:21:12
1166,6790,19:19:26
1033,6818,19:17:13
110,6854,19:01:50
419,6858,19:06:59
1120,6903,19:18:40
329,6914,19:05:29
1472,19390,19:24:32
1989,6782,19:33:09
513,6785,19:08:33
2016,15383,19:33:36
1215,12209,19:20:15
458,6781,19:07:38
2083,6783,19:34:43
1907,6813,19:31:47
2022,6783,19:33:42
1617,7024,19:26:57
1598,6859,19:26:38
1514,7212,19:25:14
476,6863,19:07:56
500,6922,19:08:20
804,6819,19:13:24
147,7726,19:02:27
333,6811,19:05:33
502,6799,19:08:22
1165,6914,19:19:25
897,7280,19:14:57
1313,23919,19:21:53
743,6922,19:12:23
37,7104,19:00:37
489,7022,19:08:09
1561,6796,19:26:01
2050,6794,19:34:10
789,6796,19:13:09
2089,6889,19:34:49
2093,6922,19:34:53
2021,6920,19:33:41
951,6903,19:15:51
1932,22551,19:32:12
1427,18939,19:23:47
108,6809,19:01:48
1550,6910,19:25:50
886,6910,19:14:46
1556,6922,19:25:56
1254,6819,19:20:54
1375,7022,19:22:55
448,21586,19:07:28
1844,6956,19:30:44
250,7028,19:04:10
1599,6782,19:26:39
1955,6866,19:32:35
391,6809,19:06:31
906,18939,19:15:06
1256,6785,19:20:56
1037,6951,19:17:17
1947,6799,19:32:27
639,6815,19:10:39
1114,6866,19:18:34
673,24372,19:11:13
1300,7008,19:21:40
881,6974,19:14:41
1303,6777,19:21:43
792,6779,19:13:12
1969,9671,19:32:49
1302,7022,19:21:42
401,6790,19:06:41
615,6777,19:10:15
305,6943,19:05:05
1583,18939,19:26:23
1882,6925,19:31:22
31,6783,19:00:31
679,6790,19:11:19
1311,6797,19:21:51
1658,6782,19:27:38
1789,6819,19:29:49
1497,6956,19:24:57
1792,6792,19:29:52
1137,18142,19:18:57
1059,6811,19:17:39
472,21555,19:07:52
656,6783,19:10:56
1606,6780,19:26:46
683,6889,19:11:23
1503,6792,19:25:03
1959,6820,19:32:39
1525,7028,19:25:25
709,6821,19:11:49
861,6925,19:14:21
250,7028,19:04:10
507,6813,19:08:27
428,6886,19:07:08
1932,22551,19:32:12
147,7726,19:02:27
319,6857,19:05:19
556,6809,19:09:16
461,6787,19:07:41
1472,19390,19:24:32
97,6911,19:01:37
69,6853,19:01:09
1179,22935,19:19:39
1268,6791,19:21:08
733,6850,19:12:13
1574,6850,19:26:14
1975,6949,19:32:55
1908,6949,19:31:48
2004,6925,19:33:24
1672,6784,19:27:52
822,22935,19:13:42
767,6791,19:12:47
1800,6785,19:30:00
1378,6956,19:22:58
1416,26437,19:23:36
859,16274,19:14:19
1127,7008,19:18:47
985,6925,19:16:25
1954,6819,19:32:34
489,7022,19:08:09
2026,7104,19:33:46
1259,6853,19:20:59
753,7726,19:12:33
1509,6889,19:25:09
1195,6974,19:19:55
894,7726,19:14:54
1536,7505,19:25:36
216,6790,19:03:36
450,6795,19:07:30
1116,7008,19:18:36
1319,6818,19:21:59
1237,6819,19:20:37
240,6783,19:04:00
1955,6866,19:32:35
611,6809,19:10:11
333,6811,19:05:33
1859,34844,19:30:59
29,6813,19:00:29
1847,6779,19:30:47
1316,12209,19:21:56
1085,6910,19:18:05
1588,6776,19:26:28
252,6810,19:04:12
639,6815,19:10:39
629,7024,19:10:29
1741,6799,19:29:01
1450,6794,19:24:10
1882,6925,19:31:22
204,6789,19:03:24
350,6777,19:05:50
263,6925,19:04:23
1035,6790,19:17:15
216,6790,19:03:36
1561,6796,19:26:01
49,7443,19:00:49
698,6781,19:11:38
798,7058,19:13:18
1068,6779,19:17:48
1056,6780,19:17:36
1854,12209,19:30:54
2021,6920,19:33:41
394,6875,19:06:34
712,6850,19:11:52
1819,6838,19:30:19
1559,6912,19:25:59
425,7443,19:07:05
1096,6820,19:18:16
426,6797,19:07:06
1356,6783,19:22:36
329,6914,19:05:29
9,6776,19:00:09
2100,6791,19:35:00
1427,18939,19:23:47
1,7024,19:00:01
1287,6790,19:21:27
2035,22551,19:33:55
1769,7024,19:29:29
286,6886,19:04:46
1442,12209,19:24:02
2084,22551,19:34:44
1126,6888,19:18:46
843,6809,19:14:03
708,6783,19:11:48
1092,8903,19:18:12
1950,6850,19:32:30
380,6792,19:06:20
629,7024,19:10:29
639,6815,19:10:39
904,7505,19:15:04
1865,6795,19:31:05
1283,9671,19:21:23
454,6791,19:07:34
1058,24372,19:17:38
1659,6810,19:27:39
476,6863,19:07:56
1522,6974,19:25:22
1008,7280,19:16:48
1383,6777,19:23:03
1932,22551,19:32:12
378,6914,19:06:18
1219,6854,19:20:19
792,6779,19:13:12
1130,9529,19:18:50
147,7726,19:02:27
764,6785,19:12:44
1965,8474,19:32:45
1954,6819,19:32:34
556,6809,19:09:16
1509,6889,19:25:09
533,6791,19:08:53
1941,6866,19:32:21
1959,6820,19:32:39
922,7212,19:15:22
1349,6792,19:22:29
1705,7038,19:28:25
772,6797,19:12:52
1074,6838,19:17:54
1682,8903,19:28:02
513,6785,19:08:33
280,6956,19:04:40
2006,6974,19:33:26
534,30251,19:08:54
1588,6776,19:26:28
62,6792,19:01:02
673,24372,19:11:13
521,6809,19:08:41
1606,6780,19:26:46
859,16274,19:14:19
1965,8474,19:32:45
863,6811,19:14:23
656,6783,19:10:56
1461,6783,19:24:21
464,6888,19:07:44
838,6889,19:13:58
744,6889,19:12:24
505,7212,19:08:25
696,6943,19:11:36
431,6810,19:07:11
1248,7058,19:20:48
208,6858,19:03:28
250,7028,19:04:10
1773,6859,19:29:33
1873,6850,19:31:13
1919,6888,19:31:59
844,7443,19:14:04
373,6796,19:06:13
500,6922,19:08:20
1506,6780,19:25:06
591,17406,19:09:51
955,7104,19:15:55
492,16274,19:08:12
1608,6850,19:26:48
146,6850,19:02:26
448,21586,19:07:28
803,6911,19:13:23
558,7007,19:09:18
119,14146,19:01:59
1078,6795,19:17:58
685,7280,19:11:25
104,6795,19:01:44
615,6777,19:10:15
2050,6794,19:34:10
1868,6888,19:31:08
629,7024,19:10:29
1561,6796,19:26:01
1051,6859,19:17:31
1005,6791,19:16:45
71,6863,19:01:11
1200,6777,19:20:00
240,6783,19:04:00
1179,22935,19:19:39
1617,7024,19:26:57
1869,27257,19:31:09
378,6914,19:06:18
485,6951,19:08:05
502,6799,19:08:22
2030,6821,19:33:50
294,6783,19:04:54
763,6794,19:12:43
803,6911,19:13:23
1937,7022,19:32:17
1253,7058,19:20:53
844,7443,19:14:04
1978,7212,19:32:58
1472,19390,19:24:32
1427,18939,19:23:47
333,6811,19:05:33
554,6820,19:09:14
286,6886,19:04:46
1136,6859,19:18:56
1839,6780,19:30:39
166,7038,19:02:46
1950,6850,19:32:30
1999,6866,19:33:19
1356,6783,19:22:36
1919,6888,19:31:59
738,6789,19:12:18
237,7104,19:03:57
915,7104,19:15:15
461,6787,19:07:41
1994,6858,19:33:14
661,7432,19:11:01
603,17406,19:10:03
1429,6776,19:23:49
789,6796,19:13:09
521,6809,19:08:41
1302,7022,19:21:42
1219,6854,19:20:19
512,6792,19:08:32
740,6778,19:12:20
1548,6776,19:25:48
986,6889,19:16:26
303,6813,19:05:03
1920,6956,19:32:00
1398,6780,19:23:18
1638,7347,19:27:18
1755,6799,19:29:15
1903,27257,19:31:43
1416,26437,19:23:36
694,6821,19:11:34
1438,21555,19:23:58
1068,6779,19:17:48
119,14146,19:01:59
1318,6910,19:21:58
1059,6811,19:17:39
683,6889,19:11:23
1092,8903,19:18:12
2075,6854,19:34:35
449,6778,19:07:29
1800,6785,19:30:00
861,6925,19:14:21
497,7038,19:08:17
515,6821,19:08:35
554,6820,19:09:14
738,6789,19:12:18
229,6792,19:03:49
458,6781,19:07:38
9,6776,19:00:09
1073,6811,19:17:53
853,7212,19:14:13
834,6819,19:13:54
1215,12209,19:20:15
1451,6817,19:24:11
1503,6792,19:25:03
80,6791,19:01:20
1955,6866,19:32:35
88,6821,19:01:28
128,6810,19:02:08
1396,6815,19:23:16
712,6850,19:11:52
1559,6912,19:25:59
1429,6776,19:23:49
1169,6818,19:19:29
1303,6777,19:21:43
1687,6820,19:28:07
876,6920,19:14:36
1189,7280,19:19:49
296,17406,19:04:56
148,6974,19:02:28
1047,6946,19:17:27
333,6811,19:05:33
224,27253,19:03:44
812,6859,19:13:32
2014,8474,19:33:34
2093,6922,19:34:53
29,6813,19:00:29
642,6920,19:10:42
993,19390,19:16:33
1604,7058,19:26:44
1068,6779,19:17:48
886,6910,19:14:46
1137,18142,19:18:57
319,6857,19:05:19
1029,7024,19:17:09
298,26541,19:04:58
1991,6850,19:33:11
869,6809,19:14:29
820,22785,19:13:40
1010,6820,19:16:50
1408,6791,19:23:28
438,6790,19:07:18
645,11208,19:10:45
361,6886,19:06:01
1682,8903,19:28:02
792,6779,19:13:12
589,6889,19:09:49
1087,6797,19:18:07
762,7505,19:12:42
1311,6797,19:21:51
262,7022,19:04:22
656,6783,19:10:56
1883,6779,19:31:23
986,6889,19:16:26
1429,6776,19:23:49
388,6795,19:06:28
1472,19390,19:24:32
1212,7726,19:20:12
194,6785,19:03:14
365,6819,19:06:05
975,6974,19:16:15
522,18142,19:08:42
1969,9671,19:32:49
1740,7038,19:29:00
1907,6813,19:31:47
1626,6778,19:27:06
260,7270,19:04:20
1941,6866,19:32:21
71,6863,19:01:11
923,7432,19:15:23
1494,6859,19:24:54
776,6795,19:12:56
62,6792,19:01:02
996,6984,19:16:36
341,6780,19:05:41
534,30251,19:08:54
1933,21555,19:32:13
683,6889,19:11:23
1189,7280,19:19:49
1525,7028,19:25:25
1427,18939,19:23:47
1092,8903,19:18:12
1659,6810,19:27:39
2016,15383,19:33:36
708,6783,19:11:48
1354,6789,19:22:34
1035,6790,19:17:15
994,15383,19:16:34
577,7270,19:09:37
1548,6776,19:25:48
1625,24967,19:27:05
648,6781,19:10:48
1296,7443,19:21:36
656,6783,19:10:56
128,6810,19:02:08
1497,6956,19:24:57
146,6850,19:02:26
1545,6984,19:25:45
155,7008,19:02:35
778,6780,19:12:58
1125,6792,19:18:45
1920,6956,19:32:00
417,6789,19:06:57
37,7104,19:00:37
1220,6859,19:20:20
843,6809,19:14:03
914,6789,19:15:14
1671,6858,19:27:51
204,6789,19:03:24
2084,22551,19:34:44
454,6791,19:07:34
472,21555,19:07:52
294,6783,19:04:54
1488,6951,19:24:48
1429,6776,19:23:49
814,14146,19:13:34
1800,6785,19:30:00
29,6813,19:00:29
798,7058,19:13:18
986,6889,19:16:26
373,6796,19:06:13
839,6792,19:13:59
286,6886,19:04:46
1241,6785,19:20:41
476,6863,19:07:56
1873,6850,19:31:13
368,6792,19:06:08
388,6795,19:06:28
2058,7505,19:34:18
214,6779,19:03:34
1248,7058,19:20:48
603,17406,19:10:03
904,7505,19:15:04
834,6819,19:13:54
814,14146,19:13:34
1114,6866,19:18:34
1128,6792,19:18:48
1047,6946,19:17:27
1506,6780,19:25:06
1854,12209,19:30:54
776,6795,19:12:56
1237,6819,19:20:37
533,6791,19:08:53
1324,6821,19:22:04
724,6956,19:12:04
2011,6875,19:33:31
1034,6794,19:17:14
648,6781,19:10:48
426,6797,19:07:06
994,15383,19:16:34
993,19390,19:16:33
694,6821,19:11:34
2064,7280,19:34:24
131,6974,19:02:11
668,6781,19:11:08
1118,6850,19:18:38
1608,6850,19:26:48
194,6785,19:03:14
2028,6888,19:33:48
1400,7028,19:23:20
615,6777,19:10:15
1385,7008,19:23:05
1110,6973,19:18:30
1911,6778,19:31:51
639,6815,19:10:39
1503,6792,19:25:03
146,6850,19:02:26
136,6795,19:02:16
80,6791,19:01:20
2041,6922,19:34:01
461,6787,19:07:41
1085,6910,19:18:05
1618,6821,19:26:58
401,6790,19:06:41
240,6783,19:04:00
1627,6784,19:27:07
1162,6974,19:19:22
1844,6956,19:30:44
1638,7347,19:27:18
1659,6810,19:27:39
822,22935,19:13:42
63,6784,19:01:03
438,6790,19:07:18
1687,6820,19:28:07
2033,6791,19:33:53
908,23919,19:15:08
1319,6818,19:21:59
1865,6795,19:31:05
1587,6780,19:26:27
1087,6797,19:18:07
125,6973,19:02:05
759,6857,19:12:39
2065,6951,19:34:25
431,6810,19:07:11
1372,6866,19:22:52
702,6817,19:11:42
1508,6912,19:25:08
1164,12209,19:19:24
1789,6819,19:29:49
1671,6858,19:27:51
1561,6796,19:26:01
2021,6920,19:33:41
1153,7212,19:19:13
1056,6780,19:17:36
2058,7505,19:34:18
2014,8474,19:33:34
1816,6946,19:30:16
778,6780,19:12:58
1509,6889,19:25:09
1253,7058,19:20:53
1295,7024,19:21:35
1428,6984,19:23:48
767,6791,19:12:47
352,6863,19:05:52
230,6853,19:03:50
738,6789,19:12:18
102,18939,19:01:42
1107,6796,19:18:27
1515,6776,19:25:15
226,6811,19:03:46
556,6809,19:09:16
733,6850,19:12:13
589,6889,19:09:49
1596,6791,19:26:36
630,6785,19:10:30
1593,6974,19:26:33
719,6792,19:11:59
341,6780,19:05:41
1929,6800,19:32:09
311,6866,19:05:11
1136,6859,19:18:56
631,6789,19:10:31
368,6792,19:06:08
554,6820,19:09:14
546,6817,19:09:06
2037,6821,19:33:57
576,6922,19:09:36
951,6903,19:15:51
513,6785,19:08:33
428,6886,19:07:08
1272,6777,19:21:12
712,6850,19:11:52
2035,22551,19:33:55
797,7432,19:13:17
1688,7024,19:28:08
985,6925,19:16:25
70,23415,19:01:10
1084,6778,19:18:04
207,24372,19:03:27
1398,6780,19:23:18
483,6779,19:08:03
110,6854,19:01:50
1914,6819,19:31:54
1188,7270,19:19:48
1318,6910,19:21:58
1659,6810,19:27:39
894,7726,19:14:54
1854,12209,19:30:54
1370,7212,19:22:50
1873,6850,19:31:13
751,6809,19:12:31
1168,23204,19:19:28
1896,6974,19:31:36
1035,6790,19:17:15
2066,6799,19:34:26
2067,6784,19:34:27
1545,6984,19:25:45
1482,6787,19:24:42
1879,6797,19:31:19
1362,6984,19:22:42
1127,7008,19:18:47
1929,6800,19:32:09
558,7007,19:09:18
1989,6782,19:33:09
1454,6776,19:24:14
1212,7726,19:20:12
1070,6911,19:17:50
616,15383,19:10:16
999,6780,19:16:39
1256,6785,19:20:56
648,6781,19:10:48
1672,6784,19:27:52
391,6809,19:06:31
557,6853,19:09:17
1488,6951,19:24:48
1383,6777,19:23:03
262,7022,19:04:22
606,8474,19:10:06
1008,7280,19:16:48
485,6951,19:08:05
993,19390,19:16:33
122,6914,19:02:02
1800,6785,19:30:00
1316,12209,19:21:56
1554,6780,19:25:54
1970,6777,19:32:50
513,6785,19:08:33
1120,6903,19:18:40
1617,7024,19:26:57
104,6795,19:01:44
1452,6891,19:24:12
472,21555,19:07:52
615,6777,19:10:15
1817,7058,19:30:17
681,7038,19:11:21
378,6914,19:06:18
1479,6794,19:24:39
1521,6794,19:25:21
425,7443,19:07:05
1441,6782,19:24:01
110,6854,19:01:50
230,6853,19:03:50
507,6813,19:08:27
1008,7280,19:16:48
482,6787,19:08:02
1107,6796,19:18:27
1078,6795,19:17:58
1561,6796,19:26:01
137,8205,19:02:17
1383,6777,19:23:03
1753,6791,19:29:13
450,6795,19:07:30
9,6776,19:00:09
259,9529,19:04:19
724,6956,19:12:04
645,11208,19:10:45
492,16274,19:08:12
352,6863,19:05:52
923,7432,19:15:23
822,22935,19:13:42
1454,6776,19:24:14
1509,6889,19:25:09
483,6779,19:08:03
1372,6866,19:22:52
971,6858,19:16:11
751,6809,19:12:31
31,6783,19:00:31
1362,6984,19:22:42
1990,23415,19:33:10
449,6778,19:07:29
545,6838,19:09:05
412,6778,19:06:52
668,6781,19:11:08
1035,6790,19:17:15
1991,6850,19:33:11
430,24967,19:07:10
1225,6850,19:20:25
1462,6889,19:24:22
955,7104,19:15:55
309,18939,19:05:09
863,6811,19:14:23
88,6821,19:01:28
368,6792,19:06:08
1554,6780,19:25:54
876,6920,19:14:36
702,6817,19:11:42
1626,6778,19:27:06
563,6789,19:09:23
1398,6780,19:23:18
250,7028,19:04:10
1152,6922,19:19:12
1118,6850,19:18:38
1788,6925,19:29:48
694,6821,19:11:34
90,7008,19:01:30
454,6791,19:07:34
1492,37228,19:24:52
241,7022,19:04:01
621,6914,19:10:21
1065,24372,19:17:45
560,6925,19:09:20
1583,18939,19:26:23
996,6984,19:16:36
1598,6859,19:26:38
1941,6866,19:32:21
174,6819,19:02:54
110,6854,19:01:50
1096,6820,19:18:16
1179,22935,19:19:39
1429,6776,19:23:49
843,6809,19:14:03
1318,6910,19:21:58
547,7726,19:09:07
1550,6910,19:25:50
533,6791,19:08:53
2083,6783,19:34:43
333,6811,19:05:33
214,6779,19:03:34
1070,6911,19:17:50
135,12209,19:02:15
1271,37480,19:21:11
1761,8903,19:29:21
1287,6790,19:21:27
1959,6820,19:32:39
1268,6791,19:21:08
1817,7058,19:30:17
2026,7104,19:33:46
1164,12209,19:19:24
743,6922,19:12:23
834,6819,19:13:54
797,7432,19:13:17
698,6781,19:11:38
2008,19390,19:33:28
1005,6791,19:16:45
1248,7058,19:20:48
1450,6794,19:24:10
2018,6820,19:33:38
776,6795,19:12:56
1932,22551,19:32:12
2093,6922,19:34:53
1894,27253,19:31:34
108,6809,19:01:48
792,6779,19:13:12
1675,6787,19:27:55
1879,6797,19:31:19
1020,34969,19:17:00
350,6777,19:05:50
1254,6819,19:20:54
1494,6859,19:24:54
1753,6791,19:29:13
559,6790,19:09:19
1258,7058,19:20:58
853,7212,19:14:13
1625,24967,19:27:05
730,6891,19:12:10
967,6783,19:16:07
1484,6790,19:24:44
686,24372,19:11:26
329,6914,19:05:29
971,6858,19:16:11
1919,6888,19:31:59
1525,7028,19:25:25
1225,6850,19:20:25
1068,6779,19:17:48
606,8474,19:10:06
611,6809,19:10:11
792,6779,19:13:12
1472,19390,19:24:32
985,6925,19:16:25
661,7432,19:11:01
1212,7726,19:20:12
1396,6815,19:23:16
770,18142,19:12:50
378,6914,19:06:18
1412,6820,19:23:32
578,7058,19:09:38
1045,7058,19:17:25
1538,6854,19:25:38
2066,6799,19:34:26
178,6949,19:02:58
237,7104,19:03:57
250,7028,19:04:10
1305,6925,19:21:45
371,7104,19:06:11
1362,6984,19:22:42
224,27253,19:03:44
110,6854,19:01:50
1662,23204,19:27:42
62,6792,19:01:02
556,6809,19:09:16
2016,15383,19:33:36
1800,6785,19:30:00
908,23919,19:15:08
461,6787,19:07:41
1378,6956,19:22:58
34,27257,19:00:34
1554,6780,19:25:54
226,6811,19:03:46
296,17406,19:04:56
1078,6795,19:17:58
458,6781,19:07:38
743,6922,19:12:23
1494,6859,19:24:54
1137,18142,19:18:57
744,6889,19:12:24
2075,6854,19:34:35
1574,6850,19:26:14
148,6974,19:02:28
1311,6797,19:21:51
900,40690,19:15:00
1349,6792,19:22:29
1001,6949,19:16:41
419,6858,19:06:59
907,15383,19:15:07
1451,6817,19:24:11
1793,7058,19:29:53
578,7058,19:09:38
987,6925,19:16:27
838,6889,19:13:58
1556,6922,19:25:56
401,6790,19:06:41
1548,6776,19:25:48
1816,6946,19:30:16
518,6782,19:08:38
1070,6911,19:17:50
839,6792,19:13:59
1020,34969,19:17:00
208,6858,19:03:28
897,7280,19:14:57
686,24372,19:11:26
277,6838,19:04:37
1638,7347,19:27:18
1268,6791,19:21:08
448,21586,19:07:28
1894,27253,19:31:34
1247,6912,19:20:47
407,6777,19:06:47
237,7104,19:03:57
1550,6910,19:25:50
1498,6795,19:24:58
483,6779,19:08:03
1379,18939,19:22:59
674,6778,19:11:14
950,6914,19:15:50
1587,6780,19:26:27
520,8903,19:08:40
1168,23204,19:19:28
724,6956,19:12:04
137,8205,19:02:17
1411,6854,19:23:31
1970,6777,19:32:50
1604,7058,19:26:44
1498,6795,19:24:58
1559,6912,19:25:59
1074,6838,19:17:54
1427,18939,19:23:47
260,7270,19:04:20
556,6809,19:09:16
1593,6974,19:26:33
489,7022,19:08:09
1059,6811,19:17:39
1212,7726,19:20:12
557,6853,19:09:17
814,14146,19:13:34
533,6791,19:08:53
260,7270,19:04:20
582,24121,19:09:42
963,6850,19:16:03
1665,6811,19:27:45
1152,6922,19:19:12
545,6838,19:09:05
929,6797,19:15:29
1052,39568,19:17:32
1800,6785,19:30:00
2023,6850,19:33:43
1370,7212,19:22:50
1817,7058,19:30:17
1997,6875,19:33:17
1995,6925,19:33:15
437,6776,19:07:17
740,6778,19:12:20
1442,12209,19:24:02
1225,6850,19:20:25
262,7022,19:04:22
1096,6820,19:18:16
1859,34844,19:30:59
1200,6777,19:20:00
222,6778,19:03:42
1058,24372,19:17:38
401,6790,19:06:41
430,24967,19:07:10
136,6795,19:02:16
1451,6817,19:24:11
388,6795,19:06:28
1536,7505,19:25:36
476,6863,19:07:56
464,6888,19:07:44
280,6956,19:04:40
1428,6984,19:23:48
201,6974,19:03:21
789,6796,19:13:09
1658,6782,19:27:38
80,6791,19:01:20
1535,6795,19:25:35
1220,6859,19:20:20
31,6783,19:00:31
996,6984,19:16:36
442,7035,19:07:22
1056,6780,19:17:36
1920,6956,19:32:00
1276,6914,19:21:16
906,18939,19:15:06
277,6838,19:04:37
1755,6799,19:29:15
63,6784,19:01:03
908,23919,19:15:08
250,7028,19:04:10
230,6853,19:03:50
1084,6778,19:18:04
1212,7726,19:20:12
361,6886,19:06:01
162,8205,19:02:42
1005,6791,19:16:45
1115,48448,19:18:35
1588,6776,19:26:28
950,6914,19:15:50
454,6791,19:07:34
1675,6787,19:27:55
1037,6951,19:17:17
1488,6951,19:24:48
771,6857,19:12:51
1366,6810,19:22:46
1954,6819,19:32:34
1065,24372,19:17:45
44,6853,19:00:44
1874,6853,19:31:14
558,7007,19:09:18
1627,6784,19:27:07
2033,6791,19:33:53
881,6974,19:14:41
500,6922,19:08:20
685,7280,19:11:25
967,6783,19:16:07
621,6914,19:10:21
744,6889,19:12:24
1295,7024,19:21:35
237,7104,19:03:57
1302,7022,19:21:42
1994,6858,19:33:14
1475,6922,19:24:35
1268,6791,19:21:08
287,37228,19:04:47
110,6854,19:01:50
1626,6778,19:27:06
1090,6783,19:18:10
1675,6787,19:27:55
560,6925,19:09:20
1034,6794,19:17:14
1305,6925,19:21:45
213,6811,19:03:33
31,6783,19:00:31
975,6974,19:16:15
669,6984,19:11:09
1319,6818,19:21:59
950,6914,19:15:50
1038,6790,19:17:18
1385,7008,19:23:05
1816,6946,19:30:16
178,6949,19:02:58
417,6789,19:06:57
683,6889,19:11:23
951,6903,19:15:51
1950,6850,19:32:30
1688,7024,19:28:08
426,6797,19:07:06
1014,6853,19:16:54
1521,6794,19:25:21
452,6891,19:07:32
136,6795,19:02:16
147,7726,19:02:27
587,24121,19:09:47
701,6792,19:11:41
660,39568,19:11:00
838,6889,19:13:58
1583,18939,19:26:23
373,6796,19:06:13
230,6853,19:03:50
2011,6875,19:33:31
135,12209,19:02:15
1503,6792,19:25:03
1136,6859,19:18:56
915,7104,19:15:15
1626,6778,19:27:06
1204,6776,19:20:04
2081,27253,19:34:41
1983,6794,19:33:03
1599,6782,19:26:39
2028,6888,19:33:48
196,6789,19:03:16
1036,22935,19:17:16
1118,6850,19:18:38
1625,24967,19:27:05
1935,6799,19:32:15
402,15383,19:06:42
448,21586,19:07:28
1047,6946,19:17:27
1709,6866,19:28:29
2022,6783,19:33:42
361,6886,19:06:01
917,6863,19:15:17
489,7022,19:08:09
1497,6956,19:24:57
642,6920,19:10:42
1272,6777,19:21:12
544,6800,19:09:04
1602,17406,19:26:42
1069,6857,19:17:49
2030,6821,19:33:50
1469,6799,19:24:29
1755,6799,19:29:15
1819,6838,19:30:19
464,6888,19:07:44
914,6789,19:15:14
1903,27257,19:31:43
2034,6781,19:33:54
1882,6925,19:31:22
1012,6875,19:16:52
532,6859,19:08:52
1219,6854,19:20:19
170,9529,19:02:50
1488,6951,19:24:48
759,6857,19:12:39
391,6809,19:06:31
1919,6888,19:31:59
1253,7058,19:20:53
319,6857,19:05:19
909,6780,19:15:09
1010,6820,19:16:50
9,6776,19:00:09
1981,19390,19:33:01
320,27253,19:05:20
305,6943,19:05:05
1450,6794,19:24:10
762,7505,19:12:42
2033,6791,19:33:53
14,6782,19:00:14
1598,6859,19:26:38
1935,6799,19:32:15
822,22935,19:13:42
259,9529,19:04:19
1110,6973,19:18:30
229,6792,19:03:49
1400,7028,19:23:20
2081,27253,19:34:41
1627,6784,19:27:07
1494,6859,19:24:54
1548,6776,19:25:48
1302,7022,19:21:42
694,6821,19:11:34
1847,6779,19:30:47
214,6779,19:03:34
110,6854,19:01:50
1204,6776,19:20:04
776,6795,19:12:56
49,7443,19:00:49
200,6813,19:03:20
1265,6784,19:21:05
1026,24121,19:17:06
1058,24372,19:17:38
996,6984,19:16:36
287,37228,19:04:47
69,6853,19:01:09
603,17406,19:10:03
1029,7024,19:17:09
501,6795,19:08:21
521,6809,19:08:41
1992,39568,19:33:12
2058,7505,19:34:18
591,17406,19:09:51
545,6838,19:09:05
951,6903,19:15:51
1229,7280,19:20:29
137,8205,19:02:17
298,26541,19:04:58
922,7212,19:15:22
890,7726,19:14:50
562,6811,19:09:22
1488,6951,19:24:48
1839,6780,19:30:39
1178,9079,19:19:38
40,6809,19:00:40
1114,6866,19:18:34
1385,7008,19:23:05
985,6925,19:16:25
419,6858,19:06:59
1975,6949,19:32:55
683,6889,19:11:23
166,7038,19:02:46
1859,34844,19:30:59
994,15383,19:16:34
1606,6780,19:26:46
1981,19390,19:33:01
131,6974,19:02:11
1225,6850,19:20:25
254,7024,19:04:14
102,18939,19:01:42
1545,6984,19:25:45
1972,6789,19:32:52
1452,6891,19:24:12
108,6809,19:01:48
1136,6859,19:18:56
534,30251,19:08:54
876,6920,19:14:36
861,6925,19:14:21
1032,6779,19:17:12
963,6850,19:16:03
280,6956,19:04:40
582,24121,19:09:42
1372,6866,19:22:52
2084,22551,19:34:44
1586,27253,19:26:26
712,6850,19:11:52
1035,6790,19:17:15
4,6888,19:00:04
2100,6791,19:35:00
216,6790,19:03:36
452,6891,19:07:32
1118,6850,19:18:38
131,6974,19:02:11
642,6920,19:10:42
1907,6813,19:31:47
63,6784,19:01:03
2026,7104,19:33:46
1561,6796,19:26:01
1051,6859,19:17:31
804,6819,19:13:24
792,6779,19:13:12
1085,6910,19:18:05
1975,6949,19:32:55
461,6787,19:07:41
1124,6779,19:18:44
1586,27253,19:26:26
14,6782,19:00:14
226,6811,19:03:46
1120,6903,19:18:40
250,7028,19:04:10
546,6817,19:09:06
319,6857,19:05:19
1494,6859,19:24:54
1673,6818,19:27:53
914,6789,19:15:14
1535,6795,19:25:35
822,22935,19:13:42
554,6820,19:09:14
305,6943,19:05:05
1482,6787,19:24:42
1168,23204,19:19:28
2022,6783,19:33:42
1598,6859,19:26:38
1318,6910,19:21:58
1272,6777,19:21:12
294,6783,19:04:54
686,24372,19:11:26
616,15383,19:10:16
88,6821,19:01:28
897,7280,19:14:57
1792,6792,19:29:52
936,6949,19:15:36
2023,6850,19:33:43
1241,6785,19:20:41
1707,6858,19:28:27
419,6858,19:06:59
1271,37480,19:21:11
2083,6783,19:34:43
401,6790,19:06:41
1178,9079,19:19:38
1075,12209,19:17:55
1618,6821,19:26:58
1300,7008,19:21:40
1550,6910,19:25:50
2065,6951,19:34:25
417,6789,19:06:57
559,6790,19:09:19
1240,11208,19:20:40
1012,6875,19:16:52
1736,6838,19:28:56
2081,27253,19:34:41
696,6943,19:11:36
1955,6866,19:32:35
213,6811,19:03:33
639,6815,19:10:39
189,6920,19:03:09
1372,6866,19:22:52
545,6838,19:09:05
753,7726,19:12:33
1868,6888,19:31:08
1831,6821,19:30:31
1254,6819,19:20:54
497,7038,19:08:17
1096,6820,19:18:16
1200,6777,19:20:00
521,6809,19:08:41
251,16938,19:04:11
1036,22935,19:17:16
915,7104,19:15:15
1344,40690,19:22:24
968,6911,19:16:08
1356,6783,19:22:36
560,6925,19:09:20
1010,6820,19:16:50
182,37480,19:03:02
27,34844,19:00:27
1285,7007,19:21:25
751,6809,19:12:31
994,15383,19:16:34
345,6914,19:05:45
1882,6925,19:31:22
1237,6819,19:20:37
1606,6780,19:26:46
738,6789,19:12:18
1152,6922,19:19:12
900,40690,19:15:00
2050,6794,19:34:10
170,9529,19:02:50
1659,6810,19:27:39
226,6811,19:03:46
2028,6888,19:33:48
252,6810,19:04:12
344,22785,19:05:44
341,6780,19:05:41
1311,6797,19:21:51
2065,6951,19:34:25
309,18939,19:05:09
1256,6785,19:20:56
402,15383,19:06:42
103,6868,19:01:43
1498,6795,19:24:58
925,7280,19:15:25
31,6783,19:00:31
1058,24372,19:17:38
1819,6838,19:30:19
776,6795,19:12:56
1868,6888,19:31:08
2006,6974,19:33:26
417,6789,19:06:57
1045,7058,19:17:25
982,7443,19:16:22
476,6863,19:07:56
615,6777,19:10:15
1959,6820,19:32:39
994,15383,19:16:34
1819,6838,19:30:19
792,6779,19:13:12
1195,6974,19:19:55
1375,7022,19:22:55
1929,6800,19:32:09
1573,6777,19:26:13
1240,11208,19:20:40
1078,6795,19:17:58
735,7104,19:12:15
838,6889,19:13:58
417,6789,19:06:57
27,34844,19:00:27
1411,6854,19:23:31
452,6891,19:07:32
1462,6889,19:24:22
630,6785,19:10:30
1525,7028,19:25:25
1428,6984,19:23:48
1703,7035,19:28:23
545,6838,19:09:05
1953,7104,19:32:33
812,6859,19:13:32
1247,6912,19:20:47
576,6922,19:09:36
673,24372,19:11:13
1902,6785,19:31:42
1295,7024,19:21:35
1933,21555,19:32:13
1955,6866,19:32:35
1370,7212,19:22:50
162,8205,19:02:42
489,7022,19:08:09
1627,6784,19:27:07
2041,6922,19:34:01
505,7212,19:08:25
1,7024,19:00:01
2023,6850,19:33:43
175,23415,19:02:55
69,6853,19:01:09
917,6863,19:15:17
449,6778,19:07:29
1970,6777,19:32:50
329,6914,19:05:29
208,6858,19:03:28
204,6789,19:03:24
502,6799,19:08:22
740,6778,19:12:20
1240,11208,19:20:40
1166,6790,19:19:26
1599,6782,19:26:39
301,9671,19:05:01
1479,6794,19:24:39
1285,7007,19:21:25
894,7726,19:14:54
108,6809,19:01:48
44,6853,19:00:44
2006,6974,19:33:26
986,6889,19:16:26
1994,6858,19:33:14
1608,6850,19:26:48
1029,7024,19:17:09
1120,6903,19:18:40
1225,6850,19:20:25
1788,6925,19:29:48
1035,6790,19:17:15
1701,11208,19:28:21
1819,6838,19:30:19
1593,6974,19:26:33
520,8903,19:08:40
1522,6974,19:25:22
1026,24121,19:17:06
754,7212,19:12:34
994,15383,19:16:34
1478,18939,19:24:38
1256,6785,19:20:56
778,6780,19:12:58
694,6821,19:11:34
2023,6850,19:33:43
1069,6857,19:17:49
431,6810,19:07:11
482,6787,19:08:02
1583,18939,19:26:23
767,6791,19:12:47
174,6819,19:02:54
448,21586,19:07:28
844,7443,19:14:04
1236,6973,19:20:36
993,19390,19:16:33
348,27257,19:05:48
1627,6784,19:27:07
1693,22935,19:28:13
119,14146,19:01:59
602,6813,19:10:02
772,6797,19:12:52
801,6857,19:13:21
49,7443,19:00:49
1854,12209,19:30:54
178,6949,19:02:58
1859,34844,19:30:59
1141,6790,19:19:01
461,6787,19:07:41
656,6783,19:10:56
329,6914,19:05:29
1118,6850,19:18:38
1968,11208,19:32:48
1268,6791,19:21:08
1087,6797,19:18:07
1295,7024,19:21:35
1498,6795,19:24:58
1058,24372,19:17:38
1996,6858,19:33:16
250,7028,19:04:10
1051,6859,19:17:31
1311,6797,19:21:51
735,7104,19:12:15
147,7726,19:02:27
1454,6776,19:24:14
562,6811,19:09:22
1671,6858,19:27:51
738,6789,19:12:18
1673,6818,19:27:53
1336,7035,19:22:16
1819,6838,19:30:19
1150,7028,19:19:10
189,6920,19:03:09
857,6858,19:14:17
771,6857,19:12:51
391,6809,19:06:31
546,6817,19:09:06
226,6811,19:03:46
1129,6903,19:18:49
1573,6777,19:26:13
1283,9671,19:21:23
986,6889,19:16:26
936,6949,19:15:36
1990,23415,19:33:10
1997,6875,19:33:17
834,6819,19:13:54
522,18142,19:08:42
1907,6813,19:31:47
62,6792,19:01:02
1882,6925,19:31:22
476,6863,19:07:56
2070,16938,19:34:30
1065,24372,19:17:45
702,6817,19:11:42
1707,6858,19:28:27
1385,7008,19:23:05
792,6779,19:13:12
175,23415,19:02:55
1583,18939,19:26:23
1129,6903,19:18:49
520,8903,19:08:40
1032,6779,19:17:12
1548,6776,19:25:48
582,24121,19:09:42
1789,6819,19:29:49
1056,6780,19:17:36
251,16938,19:04:11
1295,7024,19:21:35
735,7104,19:12:15
1758,6782,19:29:18
559,6790,19:09:19
287,37228,19:04:47
1707,6858,19:28:27
859,16274,19:14:19
122,6914,19:02:02
1319,6818,19:21:59
208,6858,19:03:28
1604,7058,19:26:44
1933,21555,19:32:13
606,8474,19:10:06
1033,6818,19:17:13
616,15383,19:10:16
1130,9529,19:18:50
1452,6891,19:24:12
563,6789,19:09:23
2070,16938,19:34:30
1125,6792,19:18:45
164,7024,19:02:44
241,7022,19:04:01
753,7726,19:12:33
303,6813,19:05:03
119,14146,19:01:59
2008,19390,19:33:28
2065,6951,19:34:25
208,6858,19:03:28
1115,48448,19:18:35
967,6783,19:16:07
1914,6819,19:31:54
1968,11208,19:32:48
522,18142,19:08:42
1349,6792,19:22:29
1037,6951,19:17:17
216,6790,19:03:36
431,6810,19:07:11
1315,6809,19:21:55
909,6780,19:15:09
951,6903,19:15:51
182,37480,19:03:02
545,6838,19:09:05
130,7038,19:02:10
1945,8205,19:32:25
1059,6811,19:17:39
1375,7022,19:22:55
838,6889,19:13:58
88,6821,19:01:28
2022,6783,19:33:42
1096,6820,19:18:16
1609,6889,19:26:49
1768,6891,19:29:28
1240,11208,19:20:40
558,7007,19:09:18
1300,7008,19:21:40
804,6819,19:13:24
1472,19390,19:24:32
1608,6850,19:26:48
428,6886,19:07:08
122,6914,19:02:02
1892,23919,19:31:32
1020,34969,19:17:00
320,27253,19:05:20
1909,6782,19:31:49
1545,6984,19:25:45
1954,6819,19:32:34
34,27257,19:00:34
2098,7443,19:34:58
642,6920,19:10:42
401,6790,19:06:41
2096,6784,19:34:56
1574,6850,19:26:14
1126,6888,19:18:46
178,6949,19:02:58
1052,39568,19:17:32
1475,6922,19:24:35
1001,6949,19:16:41
1137,18142,19:18:57
1955,6866,19:32:35
1535,6795,19:25:35
1941,6866,19:32:21
881,6974,19:14:41
1471,48730,19:24:31
350,6777,19:05:50
110,6854,19:01:50
1741,6799,19:29:01
1859,34844,19:30:59
277,6838,19:04:37
857,6858,19:14:17
1506,6780,19:25:06
174,6819,19:02:54
2011,6875,19:33:31
1034,6794,19:17:14
240,6783,19:04:00
907,15383,19:15:07
925,7280,19:15:25
309,18939,19:05:09
1127,7008,19:18:47
1498,6795,19:24:58
894,7726,19:14:54
789,6796,19:13:09
1606,6780,19:26:46
1001,6949,19:16:41
461,6787,19:07:41
1237,6819,19:20:37
738,6789,19:12:18
1598,6859,19:26:38
237,7104,19:03:57
1277,6854,19:21:17
1051,6859,19:17:31
591,17406,19:09:51
602,6813,19:10:02
164,7024,19:02:44
996,6984,19:16:36
1119,6791,19:18:39
172,49085,19:02:52
902,6984,19:15:02
1302,7022,19:21:42
1114,6866,19:18:34
407,6777,19:06:47
1246,6854,19:20:46
1522,6974,19:25:22
1608,6850,19:26:48
2014,8474,19:33:34
1244,6821,19:20:44
890,7726,19:14:50
685,7280,19:11:25
904,7505,19:15:04
1694,9529,19:28:14
1673,6818,19:27:53
828,7104,19:13:48
1606,6780,19:26:46
2093,6922,19:34:53
906,18939,19:15:06
1848,6949,19:30:48
639,6815,19:10:39
1303,6777,19:21:43
2041,6922,19:34:01
2021,6920,19:33:41
1370,7212,19:22:50
1052,39568,19:17:32
483,6779,19:08:03
1274,6800,19:21:14
1768,6891,19:29:28
1073,6811,19:17:53
1639,7432,19:27:19
1959,6820,19:32:39
994,15383,19:16:34
1162,6974,19:19:22
544,6800,19:09:04
1659,6810,19:27:39
2016,15383,19:33:36
1538,6854,19:25:38
759,6857,19:12:39
1152,6922,19:19:12
1036,22935,19:17:16
507,6813,19:08:27
591,17406,19:09:51
1380,6778,19:23:00
1515,6776,19:25:15
1788,6925,19:29:48
1846,23415,19:30:46
1638,7347,19:27:18
900,40690,19:15:00
1550,6910,19:25:50
1753,6791,19:29:13
29,6813,19:00:29
1754,6810,19:29:14
1136,6859,19:18:56
2011,6875,19:33:31
447,6868,19:07:27
1005,6791,19:16:45
712,6850,19:11:52
1311,6797,19:21:51
1479,6794,19:24:39
401,6790,19:06:41
170,9529,19:02:50
1162,6974,19:19:22
772,6797,19:12:52
1302,7022,19:21:42
136,6795,19:02:16
229,6792,19:03:49
2008,19390,19:33:28
886,6910,19:14:46
1166,6790,19:19:26
2060,6778,19:34:20
1970,6777,19:32:50
1212,7726,19:20:12
250,7028,19:04:10
1693,22935,19:28:13
459,6778,19:07:39
1688,7024,19:28:08
1978,7212,19:32:58
391,6809,19:06:31
740,6778,19:12:20
1690,34844,19:28:10
999,6780,19:16:39
1968,11208,19:32:48
562,6811,19:09:22
1608,6850,19:26:48
1272,6777,19:21:12
1828,16274,19:30:28
2044,6891,19:34:04
1508,6912,19:25:08
1604,7058,19:26:44
214,6779,19:03:34
430,24967,19:07:10
1256,6785,19:20:56
603,17406,19:10:03
559,6790,19:09:19
1169,6818,19:19:29
27,34844,19:00:27
2081,27253,19:34:41
971,6858,19:16:11
130,7038,19:02:10
1035,6790,19:17:15
402,15383,19:06:42
172,49085,19:02:52
1816,6946,19:30:16
1535,6795,19:25:35
1305,6925,19:21:45
1452,6891,19:24:12
627,6857,19:10:27
431,6810,19:07:11
229,6792,19:03:49
1345,7347,19:22:25
904,7505,19:15:04
778,6780,19:12:58
1894,27253,19:31:34
1920,6956,19:32:00
645,11208,19:10:45
344,22785,19:05:44
1545,6984,19:25:45
1253,7058,19:20:53
1908,6949,19:31:48
908,23919,19:15:08
1051,6859,19:17:31
2037,6821,19:33:57
196,6789,19:03:16
1110,6973,19:18:30
1727,53495,19:28:47
260,7270,19:04:20
540,6783,19:09:00
1671,6858,19:27:51
1265,6784,19:21:05
301,9671,19:05:01
472,21555,19:07:52
461,6787,19:07:41
492,16274,19:08:12
751,6809,19:12:31
2011,6875,19:33:31
770,18142,19:12:50
894,7726,19:14:54
1819,6838,19:30:19
1001,6949,19:16:41
1118,6850,19:18:38
533,6791,19:08:53
241,7022,19:04:01
955,7104,19:15:55
1107,6796,19:18:27
1116,7008,19:18:36
365,6819,19:06:05
851,6783,19:14:11
341,6780,19:05:41
1169,6818,19:19:29
1268,6791,19:21:08
130,7038,19:02:10
674,6778,19:11:14
797,7432,19:13:17
1633,7104,19:27:13
1618,6821,19:26:58
1954,6819,19:32:34
547,7726,19:09:07
1472,19390,19:24:32
2044,6891,19:34:04
894,7726,19:14:54
1521,6794,19:25:21
1935,6799,19:32:15
607,15383,19:10:07
1953,7104,19:32:33
1865,6795,19:31:05
257,6792,19:04:17
1096,6820,19:18:16
1784,6949,19:29:44
126,6888,19:02:06
1318,6910,19:21:58
135,12209,19:02:15
1626,6778,19:27:06
1950,6850,19:32:30
902,6984,19:15:02
807,23204,19:13:27
1522,6974,19:25:22
568,6776,19:09:28
1352,6817,19:22:32
1354,6789,19:22:34
963,6850,19:16:03
1375,7022,19:22:55
562,6811,19:09:22
1311,6797,19:21:51
1025,6920,19:17:05
513,6785,19:08:33
533,6791,19:08:53
1755,6799,19:29:15
909,6780,19:15:09
1014,6853,19:16:54
1035,6790,19:17:15
1378,6956,19:22:58
660,39568,19:11:00
1315,6809,19:21:55
209,6784,19:03:29
1169,6818,19:19:29
1978,7212,19:32:58
1471,48730,19:24:31
1125,6792,19:18:45
950,6914,19:15:50
1718,6914,19:28:38
1554,6780,19:25:54
975,6974,19:16:15
1116,7008,19:18:36
428,6886,19:07:08
1336,7035,19:22:16
558,7007,19:09:18
1503,6792,19:25:03
345,6914,19:05:45
1302,7022,19:21:42
1538,6854,19:25:38
1662,23204,19:27:42
1758,6782,19:29:18
437,6776,19:07:17
1383,6777,19:23:03
890,7726,19:14:50
759,6857,19:12:39
1038,6790,19:17:18
459,6778,19:07:39
968,6911,19:16:08
735,7104,19:12:15
2065,6951,19:34:25
522,18142,19:08:42
703,6891,19:11:43
1768,6891,19:29:28
1471,48730,19:24:31
1978,7212,19:32:58
2084,22551,19:34:44
1598,6859,19:26:38
2081,27253,19:34:41
368,6792,19:06:08
1096,6820,19:18:16
263,6925,19:04:23
1516,49085,19:25:16
1108,6821,19:18:28
31,6783,19:00:31
1305,6925,19:21:45
230,6853,19:03:50
1953,7104,19:32:33
1509,6889,19:25:09
669,6984,19:11:09
667,6783,19:11:07
2041,6922,19:34:01
456,6810,19:07:36
1703,7035,19:28:23
497,7038,19:08:17
1215,12209,19:20:15
999,6780,19:16:39
2065,6951,19:34:25
1225,6850,19:20:25
97,6911,19:01:37
661,7432,19:11:01
1192,7212,19:19:52
955,7104,19:15:55
1990,23415,19:33:10
963,6850,19:16:03
1522,6974,19:25:22
1545,6984,19:25:45
1189,7280,19:19:49
148,6974,19:02:28
108,6809,19:01:48
853,7212,19:14:13
578,7058,19:09:38
1497,6956,19:24:57
630,6785,19:10:30
1665,6811,19:27:45
1981,19390,19:33:01
1972,6789,19:32:52
1037,6951,19:17:17
1086,24967,19:18:06
1354,6789,19:22:34
2093,6922,19:34:53
501,6795,19:08:21
1617,7024,19:26:57
499,6891,19:08:19
922,7212,19:15:22
472,21555,19:07:52
2032,6920,19:33:52
1573,6777,19:26:13
2047,6889,19:34:07
445,22935,19:07:25
1950,6850,19:32:30
1873,6850,19:31:13
1124,6779,19:18:44
1075,12209,19:17:55
341,6780,19:05:41
96,6914,19:01:36
1324,6821,19:22:04
388,6795,19:06:28
1380,6778,19:23:00
1417,21555,19:23:37
1253,7058,19:20:53
1287,6790,19:21:27
2038,6951,19:33:58
876,6920,19:14:36
1048,6792,19:17:28
1995,6925,19:33:15
2018,6820,19:33:38
631,6789,19:10:31
554,6820,19:09:14
1029,7024,19:17:09
207,24372,19:03:27
2044,6891,19:34:04
908,23919,19:15:08
1137,18142,19:18:57
1212,7726,19:20:12
1086,24967,19:18:06
1955,6866,19:32:35
2100,6791,19:35:00
568,6776,19:09:28
447,6868,19:07:27
1482,6787,19:24:42
1092,8903,19:18:12
591,17406,19:09:51
991,6974,19:16:31
1548,6776,19:25:48
164,7024,19:02:44
854,26437,19:14:14
224,27253,19:03:44
1058,24372,19:17:38
1896,6974,19:31:36
1526,22551,19:25:26
198,7038,19:03:18
559,6790,19:09:19
1727,53495,19:28:47
1098,6797,19:18:18
458,6781,19:07:38
986,6889,19:16:26
456,6810,19:07:36
1433,6853,19:23:53
577,7270,19:09:37
537,17406,19:08:57
1782,6875,19:29:42
1497,6956,19:24:57
521,6809,19:08:41
1638,7347,19:27:18
2081,27253,19:34:41
1326,53495,19:22:06
371,7104,19:06:11
1968,11208,19:32:48